date,headlines,tickers_covered
2020-01-02,138,39
2020-01-03,91,31
2020-01-06,164,42
2020-01-07,105,34
2020-01-08,116,33
2020-01-09,98,40
2020-01-10,103,42
2020-01-13,181,38
2020-01-14,126,33
2020-01-15,152,37
2020-01-16,144,37
2020-01-17,165,39
2020-01-21,241,45
2020-01-22,119,36
2020-01-23,166,46
2020-01-24,182,40
2020-01-27,202,43
2020-01-28,178,39
2020-01-29,175,40
2020-01-30,182,40
2020-01-31,177,41
2020-02-03,196,42
2020-02-04,174,44
2020-02-05,201,39
2020-02-06,151,42
2020-02-07,124,37
2020-02-10,172,43
2020-02-11,190,41
2020-02-12,130,42
2020-02-13,191,44
2020-02-14,146,37
2020-02-18,253,45
2020-02-19,129,40
2020-02-20,193,39
2020-02-21,124,40
2020-02-24,192,45
2020-02-25,150,43
2020-02-26,189,42
2020-02-27,211,46
2020-02-28,176,43
2020-03-02,197,44
2020-03-03,149,41
2020-03-04,146,44
2020-03-05,140,43
2020-03-06,153,37
2020-03-09,230,46
2020-03-10,172,43
2020-03-11,163,44
2020-03-12,218,44
2020-03-13,172,41
2020-03-16,262,45
2020-03-17,164,42
2020-03-18,168,41
2020-03-19,156,38
2020-03-20,181,40
2020-03-23,244,47
2020-03-24,186,44
2020-03-25,159,41
2020-03-26,175,46
2020-03-27,149,39
2020-03-30,183,45
2020-03-31,137,43
2020-04-01,163,44
2020-04-02,176,42
2020-04-03,190,40
2020-04-06,312,44
2020-04-07,234,46
2020-04-08,229,42
2020-04-09,290,47
2020-04-13,345,46
2020-04-14,226,41
2020-04-15,262,45
2020-04-16,304,44
2020-04-17,314,43
2020-04-20,319,46
2020-04-21,230,47
2020-04-22,232,44
2020-04-23,259,46
2020-04-24,206,39
2020-04-27,346,49
2020-04-28,319,45
2020-04-29,404,44
2020-04-30,321,47
2020-05-01,340,44
2020-05-04,299,47
2020-05-05,299,46
2020-05-06,247,42
2020-05-07,181,42
2020-05-08,203,40
2020-05-11,247,46
2020-05-12,202,42
2020-05-13,217,44
2020-05-14,219,49
2020-05-15,258,48
2020-05-18,268,47
2020-05-19,155,39
2020-05-20,182,42
2020-05-21,157,45
2020-05-22,135,39
2020-05-26,248,44
2020-05-27,175,40
2020-05-28,196,47
2020-05-29,152,40
2020-06-01,221,44
2020-06-02,142,42
2020-06-03,164,41
2020-06-04,119,40
2020-06-05,141,36
2020-06-08,150,41
2020-06-09,141,34
2020-06-10,160,32
2020-06-11,164,42
2020-06-12,95,33
2020-06-15,144,33
2020-06-16,113,34
2020-06-17,80,35
2020-06-18,97,36
2020-06-19,80,31
2020-06-22,119,32
2020-06-23,123,39
2020-06-24,99,33
2020-06-25,133,30
2020-06-26,85,27
2020-06-29,160,31
2020-06-30,119,32
2020-07-01,92,34
2020-07-02,110,32
2020-07-06,207,40
2020-07-07,80,26
2020-07-08,86,31
2020-07-09,89,31
2020-07-10,93,32
2020-07-13,100,36
2020-07-14,122,31
2020-07-15,119,34
2020-07-16,102,34
2020-07-17,75,28
2020-07-20,134,33
2020-07-21,144,32
2020-07-22,84,30
2020-07-23,111,38
2020-07-24,154,36
2020-07-27,139,36
2020-07-28,120,27
2020-07-29,178,41
2020-07-30,197,43
2020-07-31,141,28
2020-08-03,161,39
2020-08-04,143,35
2020-08-05,135,35
2020-08-06,80,30
2020-08-07,90,28
2020-08-10,104,37
2020-08-11,102,28
2020-08-12,97,33
2020-08-13,71,31
2020-08-14,69,34
2020-08-17,127,37
2020-08-18,114,32
2020-08-19,88,26
2020-08-20,112,39
2020-08-21,93,30
2020-08-24,101,36
2020-08-25,86,28
2020-08-26,88,34
2020-08-27,128,36
2020-08-28,80,26
2020-08-31,129,40
2020-09-01,100,31
2020-09-02,75,30
2020-09-03,87,29
2020-09-04,78,32
2020-09-08,143,39
2020-09-09,70,24
2020-09-10,52,22
2020-09-11,64,28
2020-09-14,149,31
2020-09-15,91,29
2020-09-16,78,28
2020-09-17,106,32
2020-09-18,76,28
2020-09-21,115,31
2020-09-22,70,29
2020-09-23,72,24
2020-09-24,75,27
2020-09-25,64,24
2020-09-28,154,38
2020-09-29,81,30
2020-09-30,128,34
2020-10-01,103,26
2020-10-02,76,26
2020-10-05,137,35
2020-10-06,79,30
2020-10-07,78,25
2020-10-08,114,29
2020-10-09,86,27
2020-10-12,149,35
2020-10-13,115,30
2020-10-14,124,32
2020-10-15,91,32
2020-10-16,91,25
2020-10-19,130,37
2020-10-20,64,25
2020-10-21,88,32
2020-10-22,128,30
2020-10-23,95,25
2020-10-26,146,39
2020-10-27,132,32
2020-10-28,179,35
2020-10-29,124,38
2020-10-30,113,32
2020-11-02,148,37
2020-11-03,96,30
2020-11-04,116,32
2020-11-05,106,38
2020-11-06,115,35
2020-11-09,164,38
2020-11-10,121,34
2020-11-11,87,31
2020-11-12,124,35
2020-11-13,92,29
2020-11-16,161,40
2020-11-17,85,28
2020-11-18,99,32
2020-11-19,75,34
2020-11-20,90,28
2020-11-23,153,38
2020-11-24,90,31
2020-11-25,79,30
2020-11-27,77,26
2020-11-30,110,39
2020-12-01,60,30
2020-12-02,94,34
2020-12-03,98,27
2020-12-04,94,31
2020-12-07,164,30
2020-12-08,99,32
2020-12-09,103,33
2020-12-10,105,35
2020-12-11,133,39
2020-12-14,145,35
2020-12-15,79,30
2020-12-16,72,28
2020-12-17,101,35
2020-12-18,86,32
2020-12-21,214,44
2020-12-22,89,31
2020-12-23,76,28
2020-12-24,55,22
2020-12-28,115,34
2020-12-29,84,27
2020-12-30,61,31
2020-12-31,84,29
2021-01-04,115,30
2021-01-05,108,38
2021-01-06,104,31
2021-01-07,97,37
2021-01-08,83,32
2021-01-11,138,39
2021-01-12,116,33
2021-01-13,121,33
2021-01-14,91,29
2021-01-15,123,34
2021-01-19,181,38
2021-01-20,101,33
2021-01-21,81,32
2021-01-22,87,28
2021-01-25,167,40
2021-01-26,152,32
2021-01-27,114,33
2021-01-28,141,39
2021-01-29,109,35
2021-02-01,139,41
2021-02-02,121,33
2021-02-03,113,33
2021-02-04,94,31
2021-02-05,77,36
2021-02-08,138,36
2021-02-09,91,29
2021-02-10,87,29
2021-02-11,102,37
2021-02-12,84,34
2021-02-16,145,38
2021-02-17,101,32
2021-02-18,103,35
2021-02-19,70,34
2021-02-22,115,40
2021-02-23,93,36
2021-02-24,101,37
2021-02-25,108,36
2021-02-26,78,32
2021-03-01,129,42
2021-03-02,72,30
2021-03-03,98,29
2021-03-04,82,31
2021-03-05,94,34
2021-03-08,111,38
2021-03-09,82,28
2021-03-10,94,30
2021-03-11,108,33
2021-03-12,63,29
2021-03-15,131,38
2021-03-16,87,34
2021-03-17,73,32
2021-03-18,83,34
2021-03-19,72,26
2021-03-22,81,30
2021-03-23,88,31
2021-03-24,93,29
2021-03-25,102,34
2021-03-26,95,27
2021-03-29,142,38
2021-03-30,85,33
2021-03-31,78,33
2021-04-01,80,39
2021-04-05,141,35
2021-04-06,99,30
2021-04-07,55,29
2021-04-08,91,39
2021-04-09,83,29
2021-04-12,116,35
2021-04-13,96,30
2021-04-14,149,42
2021-04-15,91,32
2021-04-16,91,26
2021-04-19,149,37
2021-04-20,106,32
2021-04-21,97,38
2021-04-22,137,36
2021-04-23,99,32
2021-04-26,131,38
2021-04-27,137,32
2021-04-28,152,37
2021-04-29,132,35
2021-04-30,135,35
2021-05-03,125,40
2021-05-04,114,35
2021-05-05,109,36
2021-05-06,73,30
2021-05-07,56,24
2021-05-10,109,38
2021-05-11,86,29
2021-05-12,81,35
2021-05-13,66,27
2021-05-14,84,25
2021-05-17,150,34
2021-05-18,115,30
2021-05-19,87,24
2021-05-20,85,31
2021-05-21,71,32
2021-05-24,119,38
2021-05-25,84,30
2021-05-26,85,32
2021-05-27,105,35
2021-05-28,78,35
2021-06-01,150,36
2021-06-02,84,34
2021-06-03,84,40
2021-06-04,67,29
2021-06-07,113,38
2021-06-08,57,30
2021-06-09,70,26
2021-06-10,101,38
2021-06-11,60,28
2021-06-14,101,38
2021-06-15,64,31
2021-06-16,89,35
2021-06-17,89,32
2021-06-18,77,33
2021-06-21,138,36
2021-06-22,53,24
2021-06-23,82,28
2021-06-24,114,37
2021-06-25,90,29
2021-06-28,102,34
2021-06-29,80,33
2021-06-30,99,28
2021-07-01,92,32
2021-07-02,58,32
2021-07-06,83,32
2021-07-07,67,30
2021-07-08,94,33
2021-07-09,81,31
2021-07-12,99,33
2021-07-13,93,32
2021-07-14,88,32
2021-07-15,92,27
2021-07-16,102,31
2021-07-19,159,41
2021-07-20,79,32
2021-07-21,106,35
2021-07-22,117,36
2021-07-23,109,31
2021-07-26,119,30
2021-07-27,120,26
2021-07-28,92,28
2021-07-29,126,38
2021-07-30,80,25
2021-08-02,126,36
2021-08-03,109,28
2021-08-04,87,34
2021-08-05,104,34
2021-08-06,66,30
2021-08-09,103,35
2021-08-10,79,31
2021-08-11,71,30
2021-08-12,86,34
2021-08-13,82,28
2021-08-16,138,43
2021-08-17,92,33
2021-08-18,110,36
2021-08-19,86,26
2021-08-20,66,27
2021-08-23,120,39
2021-08-24,85,29
2021-08-25,71,27
2021-08-26,73,30
2021-08-27,97,30
2021-08-30,98,35
2021-08-31,88,32
2021-09-01,75,27
2021-09-02,103,32
2021-09-03,70,24
2021-09-07,143,41
2021-09-08,106,37
2021-09-09,120,35
2021-09-10,87,33
2021-09-13,147,42
2021-09-14,83,36
2021-09-15,108,35
2021-09-16,73,35
2021-09-17,78,33
2021-09-20,167,43
2021-09-21,92,32
2021-09-22,95,41
2021-09-23,89,36
2021-09-24,84,30
2021-09-27,154,42
2021-09-28,101,37
2021-09-29,68,28
2021-09-30,112,41
2021-10-01,88,29
2021-10-04,138,34
2021-10-05,97,37
2021-10-06,126,31
2021-10-07,78,33
2021-10-08,83,31
2021-10-11,134,44
2021-10-12,86,28
2021-10-13,105,36
2021-10-14,120,32
2021-10-15,94,33
2021-10-18,157,36
2021-10-19,96,36
2021-10-20,81,36
2021-10-21,146,40
2021-10-22,98,34
2021-10-25,119,36
2021-10-26,137,35
2021-10-27,113,35
2021-10-28,130,35
2021-10-29,140,33
2021-11-01,98,36
2021-11-02,134,37
2021-11-03,105,31
2021-11-04,134,38
2021-11-05,83,30
2021-11-08,147,41
2021-11-09,99,34
2021-11-10,110,30
2021-11-11,110,39
2021-11-12,59,28
2021-11-15,134,38
2021-11-16,119,31
2021-11-17,133,30
2021-11-18,122,36
2021-11-19,105,30
2021-11-22,133,38
2021-11-23,81,31
2021-11-24,68,30
2021-11-26,76,30
2021-11-29,122,36
2021-11-30,105,34
2021-12-01,86,36
2021-12-02,116,37
2021-12-03,93,30
2021-12-06,165,38
2021-12-07,129,36
2021-12-08,86,34
2021-12-09,103,36
2021-12-10,74,32
2021-12-13,140,40
2021-12-14,93,38
2021-12-15,106,37
2021-12-16,127,40
2021-12-17,110,36
2021-12-20,144,39
2021-12-21,112,34
2021-12-22,75,29
2021-12-23,111,38
2021-12-27,117,33
2021-12-28,101,32
2021-12-29,66,29
2021-12-30,101,37
2021-12-31,72,31
2022-01-03,137,38
2022-01-04,118,36
2022-01-05,124,34
2022-01-06,107,40
2022-01-07,113,35
2022-01-10,178,41
2022-01-11,102,36
2022-01-12,153,40
2022-01-13,167,40
2022-01-14,174,42
2022-01-18,324,47
2022-01-19,218,43
2022-01-20,182,45
2022-01-21,177,44
2022-01-24,222,47
2022-01-25,202,43
2022-01-26,230,41
2022-01-27,233,46
2022-01-28,210,43
2022-01-31,212,47
2022-02-01,236,41
2022-02-02,239,44
2022-02-03,150,43
2022-02-04,104,38
2022-02-07,188,43
2022-02-08,211,42
2022-02-09,139,41
2022-02-10,162,45
2022-02-11,133,42
2022-02-14,237,45
2022-02-15,158,41
2022-02-16,145,39
2022-02-17,200,47
2022-02-18,139,44
2022-02-22,204,43
2022-02-23,117,43
2022-02-24,130,38
2022-02-25,125,40
2022-02-28,187,39
2022-03-01,160,43
2022-03-02,146,36
2022-03-03,138,39
2022-03-04,140,42
2022-03-07,201,42
2022-03-08,141,38
2022-03-09,172,42
2022-03-10,176,46
2022-03-11,129,38
2022-03-14,160,43
2022-03-15,162,41
2022-03-16,149,35
2022-03-17,148,34
2022-03-18,110,41
2022-03-21,218,48
2022-03-22,134,37
2022-03-23,126,31
2022-03-24,168,37
2022-03-25,138,34
2022-03-28,186,39
2022-03-29,147,43
2022-03-30,102,36
2022-03-31,143,43
2022-04-01,139,35
2022-04-04,211,43
2022-04-05,150,44
2022-04-06,119,37
2022-04-07,131,40
2022-04-08,132,35
2022-04-11,216,40
2022-04-12,137,42
2022-04-13,148,38
2022-04-14,187,40
2022-04-18,149,41
2022-04-19,156,46
2022-04-20,132,39
2022-04-21,190,48
2022-04-22,148,44
2022-04-25,277,47
2022-04-26,212,45
2022-04-27,207,42
2022-04-28,211,44
2022-04-29,194,40
2022-05-02,166,42
2022-05-03,150,37
2022-05-04,143,38
2022-05-05,166,43
2022-05-06,150,42
2022-05-09,165,41
2022-05-10,141,42
2022-05-11,140,39
2022-05-12,164,42
2022-05-13,143,38
2022-05-16,206,40
2022-05-17,199,45
2022-05-18,148,41
2022-05-19,149,37
2022-05-20,153,42
2022-05-23,186,45
2022-05-24,118,39
2022-05-25,147,40
2022-05-26,162,43
2022-05-27,101,40
2022-05-31,160,43
2022-06-01,127,39
2022-06-02,120,42
2022-06-03,111,38
2022-06-06,153,42
2022-06-07,125,42
2022-06-08,117,34
2022-06-09,119,41
2022-06-10,129,42
2022-06-13,198,45
2022-06-14,140,44
2022-06-15,139,45
2022-06-16,134,45
2022-06-17,122,40
2022-06-21,217,43
2022-06-22,160,41
2022-06-23,181,45
2022-06-24,119,36
2022-06-27,225,44
2022-06-28,166,43
2022-06-29,156,39
2022-06-30,143,41
2022-07-01,112,40
2022-07-05,228,42
2022-07-06,126,44
2022-07-07,142,41
2022-07-08,96,38
2022-07-11,189,46
2022-07-12,140,38
2022-07-13,145,42
2022-07-14,180,41
2022-07-15,167,40
2022-07-18,237,43
2022-07-19,131,44
2022-07-20,164,46
2022-07-21,148,40
2022-07-22,144,44
2022-07-25,223,46
2022-07-26,203,40
2022-07-27,182,43
2022-07-28,208,42
2022-07-29,171,41
2022-08-01,180,41
2022-08-02,184,38
2022-08-03,169,41
2022-08-04,143,40
2022-08-05,95,35
2022-08-08,183,38
2022-08-09,131,36
2022-08-10,129,39
2022-08-11,143,38
2022-08-12,99,32
2022-08-15,193,42
2022-08-16,139,39
2022-08-17,114,36
2022-08-18,112,42
2022-08-19,103,36
2022-08-22,163,46
2022-08-23,102,40
2022-08-24,129,42
2022-08-25,125,39
2022-08-26,109,36
2022-08-29,152,42
2022-08-30,107,38
2022-08-31,124,42
2022-09-01,173,41
2022-09-02,117,35
2022-09-06,181,42
2022-09-07,137,42
2022-09-08,133,45
2022-09-09,103,41
2022-09-12,176,40
2022-09-13,122,40
2022-09-14,159,40
2022-09-15,157,44
2022-09-16,120,40
2022-09-19,172,42
2022-09-20,105,36
2022-09-21,106,41
2022-09-22,135,46
2022-09-23,118,40
2022-09-26,154,46
2022-09-27,113,36
2022-09-28,150,44
2022-09-29,138,34
2022-09-30,94,31
2022-10-03,155,40
2022-10-04,112,43
2022-10-05,123,40
2022-10-06,131,39
2022-10-07,163,42
2022-10-10,170,45
2022-10-11,112,35
2022-10-12,128,36
2022-10-13,114,39
2022-10-14,163,38
2022-10-17,153,44
2022-10-18,164,42
2022-10-19,140,42
2022-10-20,143,45
2022-10-21,138,40
2022-10-24,169,46
2022-10-25,169,43
2022-10-26,114,36
2022-10-27,197,44
2022-10-28,164,39
2022-10-31,153,41
2022-11-01,120,38
2022-11-02,134,39
2022-11-03,139,41
2022-11-04,105,36
2022-11-07,176,47
2022-11-08,141,39
2022-11-09,104,34
2022-11-10,109,41
2022-11-11,88,40
2022-11-14,188,45
2022-11-15,126,35
2022-11-16,135,38
2022-11-17,107,32
2022-11-18,80,32
2022-11-21,166,41
2022-11-22,106,34
2022-11-23,103,32
2022-11-25,108,38
2022-11-28,149,34
2022-11-29,112,35
2022-11-30,113,39
2022-12-01,118,46
2022-12-02,110,37
2022-12-05,143,38
2022-12-06,106,36
2022-12-07,119,36
2022-12-08,124,36
2022-12-09,117,41
2022-12-12,141,40
2022-12-13,132,38
2022-12-14,91,36
2022-12-15,140,39
2022-12-16,108,35
2022-12-19,160,43
2022-12-20,126,40
2022-12-21,138,38
2022-12-22,119,34
2022-12-23,71,27
2022-12-27,184,42
2022-12-28,89,33
2022-12-29,101,38
2022-12-30,94,34
2023-01-03,195,44
2023-01-04,137,37
2023-01-05,130,43
2023-01-06,101,34
2023-01-09,157,44
2023-01-10,116,38
2023-01-11,115,39
2023-01-12,136,43
2023-01-13,132,39
2023-01-17,319,44
2023-01-18,131,40
2023-01-19,126,41
2023-01-20,149,39
2023-01-23,222,45
2023-01-24,189,43
2023-01-25,193,43
2023-01-26,233,44
2023-01-27,185,38
2023-01-30,175,41
2023-01-31,217,42
2023-02-01,172,42
2023-02-02,163,44
2023-02-03,127,42
2023-02-06,215,46
2023-02-07,134,43
2023-02-08,141,40
2023-02-09,175,44
2023-02-10,92,33
2023-02-13,176,44
2023-02-14,137,43
2023-02-15,94,36
2023-02-16,157,45
2023-02-17,113,39
2023-02-21,289,46
2023-02-22,163,41
2023-02-23,202,44
2023-02-24,117,40
2023-02-27,191,46
2023-02-28,103,31
2023-03-01,152,43
2023-03-02,134,43
2023-03-03,90,34
2023-03-06,186,45
2023-03-07,129,41
2023-03-08,135,41
2023-03-09,146,42
2023-03-10,139,42
2023-03-13,214,44
2023-03-14,138,39
2023-03-15,159,45
2023-03-16,158,44
2023-03-17,140,38
2023-03-20,207,45
2023-03-21,141,43
2023-03-22,160,42
2023-03-23,137,42
2023-03-24,105,35
2023-03-27,203,41
2023-03-28,112,39
2023-03-29,151,43
2023-03-30,133,40
2023-03-31,116,38
2023-04-03,269,45
2023-04-04,171,44
2023-04-05,148,35
2023-04-06,145,45
2023-04-10,276,45
2023-04-11,140,44
2023-04-12,156,40
2023-04-13,171,41
2023-04-14,183,40
2023-04-17,257,44
2023-04-18,216,47
2023-04-19,226,44
2023-04-20,222,45
2023-04-21,150,42
2023-04-24,252,47
2023-04-25,235,47
2023-04-26,213,44
2023-04-27,250,45
2023-04-28,224,43
2023-05-01,235,45
2023-05-02,183,45
2023-05-03,180,40
2023-05-04,197,44
2023-05-05,98,41
2023-05-08,188,44
2023-05-09,143,37
2023-05-10,145,41
2023-05-11,159,43
2023-05-12,119,36
2023-05-15,209,46
2023-05-16,161,39
2023-05-17,149,38
2023-05-18,184,42
2023-05-19,159,40
2023-05-22,245,44
2023-05-23,110,37
2023-05-24,152,41
2023-05-25,245,41
2023-05-26,151,38
2023-05-30,329,45
2023-05-31,191,40
2023-06-01,203,47
2023-06-02,193,38
2023-06-05,246,44
2023-06-06,126,36
2023-06-07,136,38
2023-06-08,186,44
2023-06-09,164,39
2023-06-12,224,42
2023-06-13,183,43
2023-06-14,161,35
2023-06-15,164,42
2023-06-16,151,40
2023-06-20,305,42
2023-06-21,183,39
2023-06-22,175,45
2023-06-23,163,41
2023-06-26,220,42
2023-06-27,166,45
2023-06-28,186,39
2023-06-29,221,44
2023-06-30,185,41
2023-07-03,218,43
2023-07-05,225,40
2023-07-06,197,46
2023-07-07,158,42
2023-07-10,206,42
2023-07-11,190,44
2023-07-12,194,43
2023-07-13,193,44
2023-07-14,217,40
2023-07-17,277,45
2023-07-18,242,46
2023-07-19,211,43
2023-07-20,225,44
2023-07-21,195,45
2023-07-24,292,48
2023-07-25,276,48
2023-07-26,254,43
2023-07-27,270,45
2023-07-28,262,40
2023-07-31,342,41
2023-08-01,234,44
2023-08-02,238,45
2023-08-03,248,47
2023-08-04,177,43
2023-08-07,191,44
2023-08-08,173,33
2023-08-09,197,42
2023-08-10,168,45
2023-08-11,165,38
2023-08-14,223,38
2023-08-15,196,45
2023-08-16,164,38
2023-08-17,219,47
2023-08-18,176,38
2023-08-21,262,44
2023-08-22,195,42
2023-08-23,248,39
2023-08-24,269,45
2023-08-25,183,42
2023-08-28,244,42
2023-08-29,193,39
2023-08-30,163,38
2023-08-31,189,45
2023-09-01,153,43
2023-09-05,297,44
2023-09-06,169,46
2023-09-07,190,45
2023-09-08,191,46
2023-09-11,277,48
2023-09-12,194,42
2023-09-13,159,41
2023-09-14,202,44
2023-09-15,210,39
2023-09-18,226,43
2023-09-19,177,40
2023-09-20,180,40
2023-09-21,202,46
2023-09-22,150,38
2023-09-25,251,42
2023-09-26,170,41
2023-09-27,164,44
2023-09-28,179,43
2023-09-29,196,41
2023-10-02,282,48
2023-10-03,166,45
2023-10-04,161,39
2023-10-05,192,45
2023-10-06,189,40
2023-10-09,268,43
2023-10-10,200,42
2023-10-11,199,38
2023-10-12,197,45
2023-10-13,198,41
2023-10-16,242,43
2023-10-17,244,41
2023-10-18,301,44
2023-10-19,234,46
2023-10-20,194,44
2023-10-23,316,45
2023-10-24,284,42
2023-10-25,248,42
2023-10-26,272,48
2023-10-27,242,39
2023-10-30,255,43
2023-10-31,216,44
2023-11-01,207,44
2023-11-02,273,47
2023-11-03,140,40
2023-11-06,240,46
2023-11-07,181,42
2023-11-08,172,39
2023-11-09,198,45
2023-11-10,151,39
2023-11-13,252,47
2023-11-14,200,37
2023-11-15,149,37
2023-11-16,177,43
2023-11-17,144,40
2023-11-20,190,41
2023-11-21,199,42
2023-11-22,192,41
2023-11-24,237,43
2023-11-27,237,43
2023-11-28,146,38
2023-11-29,195,44
2023-11-30,176,44
2023-12-01,129,40
2023-12-04,220,41
2023-12-05,168,38
2023-12-06,198,43
2023-12-07,210,45
2023-12-08,193,45
2023-12-11,394,50
2023-12-12,264,45
2023-12-13,204,46
2023-12-14,120,37
2023-12-15,108,30
2023-12-18,288,44
2023-12-19,6,1
2023-12-20,5,1
2023-12-21,8,1
2023-12-22,5,1
2023-12-26,10,1
2023-12-27,4,1
2023-12-28,10,1
2023-12-29,14,1
